Groupe Produit;N° Article;Sous Groupe Produit;Type de produit;Ligne Produit
Mangue ;22;fuit mangue;Bien;commande
Mangue ;53;fuit mangue;Bien;commande
Mangue ;125;fuit mangue;Bien;commande
Mangue ;33;fuit mangue;Bien;commande
Mangue ;104;fuit mangue;Bien;commande
Mangue ;57;fuit mangue;Bien;commande
Mangue ;126;fuit mangue;Bien;commande
Mangue ;153;fuit mangue;Bien;commande
Mangue ;251;fuit mangue;Bien;commande
Mangue ;15;fuit mangue;Bien;commande
Mangue ;199;fuit mangue;Bien;commande
Mangue ;41;fuit mangue;Bien;commande
Mangue ;117;fuit mangue;Bien;commande
Mangue ;155;fuit mangue;Bien;commande
Mangue ;181;fuit mangue;Bien;commande
Mangue ;117;fuit mangue;Bien;commande
Mangue ;203;fuit mangue;Bien;commande
Mangue ;215;fuit mangue;Bien;commande
Mangue ;191;fuit mangue;Bien;commande
Mangue ;233;fuit mangue;Bien;commande
Mangue ;225;fuit mangue;Bien;commande
Mangue ;76;fuit mangue;Bien;commande
Mangue ;168;fuit mangue;Bien;commande
Mangue ;58;fuit mangue;Bien;commande
Mangue ;81;fuit mangue;Bien;commande
Mangue ;188;fuit mangue;Bien;commande
Mangue ;243;fuit mangue;Bien;commande
Mangue ;100;fuit mangue;Bien;commande
Mangue ;238;fuit mangue;Bien;commande
Mangue ;103;fuit mangue;Bien;commande
Mangue ;87;fuit mangue;Bien;commande
Mangue ;177;fuit mangue;Bien;commande
Mangue ;69;fuit mangue;Bien;commande
Mangue ;80;fuit mangue;Bien;commande
Mangue ;75;fuit mangue;Bien;commande
Mangue ;194;fuit mangue;Bien;commande
Mangue ;70;fuit mangue;Bien;commande
Mangue ;71;fuit mangue;Bien;commande
Mangue ;183;fuit mangue;Bien;commande
Mangue ;148;fuit mangue;Bien;commande
Mangue ;184;fuit mangue;Bien;commande
Mangue ;162;fuit mangue;Bien;commande
Mangue ;45;fuit mangue;Bien;commande
Mangue ;254;fuit mangue;Bien;commande
Mangue ;88;fuit mangue;Bien;commande
Mangue ;182;fuit mangue;Bien;commande
Mangue ;99;fuit mangue;Bien;commande
Mangue ;41;fuit mangue;Bien;commande
Mangue ;78;fuit mangue;Bien;commande
Mangue ;107;fuit mangue;Bien;commande
Mangue ;44;fuit mangue;Bien;commande
Mangue ;111;fuit mangue;Bien;commande
Mangue ;103;fuit mangue;Bien;commande
Mangue ;251;fuit mangue;Bien;commande
Mangue ;144;fuit mangue;Bien;commande
Mangue ;233;fuit mangue;Bien;commande
Mangue ;17;fuit mangue;Bien;commande
Mangue ;90;fuit mangue;Bien;commande
Mangue ;18;fuit mangue;Bien;commande
Mangue ;161;fuit mangue;Bien;commande
Mangue ;24;fuit mangue;Bien;commande
Mangue ;71;fuit mangue;Bien;commande
Mangue ;90;fuit mangue;Bien;commande
Mangue ;199;fuit mangue;Bien;commande
Mangue ;199;fuit mangue;Bien;commande
Mangue ;181;fuit mangue;Bien;commande
Mangue ;142;fuit mangue;Bien;commande
Mangue ;164;fuit mangue;Bien;commande
Mangue ;249;fuit mangue;Bien;commande
Mangue ;80;fuit mangue;Bien;commande
Mangue ;120;fuit mangue;Bien;commande
Mangue ;88;fuit mangue;Bien;commande
Mangue ;93;fuit mangue;Bien;commande
Mangue ;178;fuit mangue;Bien;commande
Mangue ;108;fuit mangue;Bien;commande
Mangue ;118;fuit mangue;Bien;commande
Mangue ;134;fuit mangue;Bien;commande
Mangue ;157;fuit mangue;Bien;commande
Mangue ;105;fuit mangue;Bien;commande
Mangue ;107;fuit mangue;Bien;commande
Mangue ;31;fuit mangue;Bien;commande
Mangue ;62;fuit mangue;Bien;commande
Mangue ;217;fuit mangue;Bien;commande
Mangue ;17;fuit mangue;Bien;commande
Mangue ;143;fuit mangue;Bien;commande
Mangue ;131;fuit mangue;Bien;commande
Mangue ;76;fuit mangue;Bien;commande
Mangue ;63;fuit mangue;Bien;commande
Mangue ;46;fuit mangue;Bien;commande
Mangue ;57;fuit mangue;Bien;commande
Mangue ;79;fuit mangue;Bien;commande
Mangue ;124;fuit mangue;Bien;commande
Mangue ;207;fuit mangue;Bien;commande
Mangue ;11;fuit mangue;Bien;commande
Mangue ;118;fuit mangue;Bien;commande
Mangue ;112;fuit mangue;Bien;commande
Mangue ;193;fuit mangue;Bien;commande
Mangue ;222;fuit mangue;Bien;commande
Mangue ;142;fuit mangue;Bien;commande
Mangue ;13;fuit mangue;Bien;commande
Mangue ;15;fuit mangue;Bien;commande
Mangue ;21;fuit mangue;Bien;commande
Mangue ;102;fuit mangue;Bien;commande
Mangue ;125;fuit mangue;Bien;commande
Mangue ;220;fuit mangue;Bien;commande
Mangue ;67;fuit mangue;Bien;commande
Mangue ;126;fuit mangue;Bien;commande
Mangue ;66;fuit mangue;Bien;commande
Mangue ;51;fuit mangue;Bien;commande
Mangue ;227;fuit mangue;Bien;commande
Mangue ;121;fuit mangue;Bien;commande
Mangue ;57;fuit mangue;Bien;commande
Mangue ;151;fuit mangue;Bien;commande
Mangue ;207;fuit mangue;Bien;commande
Mangue ;221;fuit mangue;Bien;commande
Mangue ;41;fuit mangue;Bien;commande
Mangue ;245;fuit mangue;Bien;commande
Mangue ;153;fuit mangue;Bien;commande
Mangue ;123;fuit mangue;Bien;commande
Mangue ;29;fuit mangue;Bien;commande
Mangue ;33;fuit mangue;Bien;commande
Mangue ;105;fuit mangue;Bien;commande
Mangue ;124;fuit mangue;Bien;commande
Mangue ;221;fuit mangue;Bien;commande
Mangue ;126;fuit mangue;Bien;commande
Mangue ;231;fuit mangue;Bien;commande
Mangue ;136;fuit mangue;Bien;commande
Mangue ;12;fuit mangue;Bien;commande
Mangue ;204;fuit mangue;Bien;commande
Mangue ;135;fuit mangue;Bien;commande
Mangue ;168;fuit mangue;Bien;commande
Mangue ;253;fuit mangue;Bien;commande
Mangue ;113;fuit mangue;Bien;commande
Mangue ;238;fuit mangue;Bien;commande
Mangue ;173;fuit mangue;Bien;commande
Mangue ;74;fuit mangue;Bien;commande
Mangue ;142;fuit mangue;Bien;commande
Mangue ;41;fuit mangue;Bien;commande
Mangue ;159;fuit mangue;Bien;commande
Mangue ;131;fuit mangue;Bien;commande
Mangue ;91;fuit mangue;Bien;commande
Mangue ;12;fuit mangue;Bien;commande
Mangue ;56;fuit mangue;Bien;commande
Mangue ;130;fuit mangue;Bien;commande
Mangue ;45;fuit mangue;Bien;commande
Mangue ;165;fuit mangue;Bien;commande
Mangue ;145;fuit mangue;Bien;commande
Mangue ;175;fuit mangue;Bien;commande
Banane;21;fruit banane;Bien mangeable;commande
Banane;255;fruit banane;Bien mangeable;commande
Banane;75;fruit banane;Bien mangeable;commande
Banane;101;fruit banane;Bien mangeable;commande
Banane;18;fruit banane;Bien mangeable;commande
Banane;250;fruit banane;Bien mangeable;commande
Banane;113;fruit banane;Bien mangeable;commande
Banane;247;fruit banane;Bien mangeable;commande
Banane;206;fruit banane;Bien mangeable;commande
Banane;23;fruit banane;Bien mangeable;commande
Banane;131;fruit banane;Bien mangeable;commande
Banane;86;fruit banane;Bien mangeable;commande
Banane;58;fruit banane;Bien mangeable;commande
Banane;185;fruit banane;Bien mangeable;commande
Banane;13;fruit banane;Bien mangeable;commande
Banane;151;fruit banane;Bien mangeable;commande
Banane;181;fruit banane;Bien mangeable;commande
Banane;64;fruit banane;Bien mangeable;commande
Banane;35;fruit banane;Bien mangeable;commande
Banane;54;fruit banane;Bien mangeable;commande
Banane;46;fruit banane;Bien mangeable;commande
Banane;20;fruit banane;Bien mangeable;commande
Banane;99;fruit banane;Bien mangeable;commande
Banane;154;fruit banane;Bien mangeable;commande
Banane;169;fruit banane;Bien mangeable;commande
Banane;65;fruit banane;Bien mangeable;commande
Banane;167;fruit banane;Bien mangeable;commande
Banane;255;fruit banane;Bien mangeable;commande
Banane;121;fruit banane;Bien mangeable;commande
Banane;31;fruit banane;Bien mangeable;commande
Banane;63;fruit banane;Bien mangeable;commande
Banane;253;fruit banane;Bien mangeable;commande
Banane;218;fruit banane;Bien mangeable;commande
Banane;100;fruit banane;Bien mangeable;commande
Banane;206;fruit banane;Bien mangeable;commande
Banane;66;fruit banane;Bien mangeable;commande
Banane;88;fruit banane;Bien mangeable;commande
Banane;113;fruit banane;Bien mangeable;commande
Banane;141;fruit banane;Bien mangeable;commande
Banane;86;fruit banane;Bien mangeable;commande
Banane;215;fruit banane;Bien mangeable;commande
Banane;232;fruit banane;Bien mangeable;commande
Banane;24;fruit banane;Bien mangeable;commande
Banane;234;fruit banane;Bien mangeable;commande
Banane;189;fruit banane;Bien mangeable;commande
Banane;250;fruit banane;Bien mangeable;commande
Banane;238;fruit banane;Bien mangeable;commande
Banane;197;fruit banane;Bien mangeable;commande
Banane;123;fruit banane;Bien mangeable;commande
Banane;68;fruit banane;Bien mangeable;commande
Banane;144;fruit banane;Bien mangeable;commande
Banane;175;fruit banane;Bien mangeable;commande
Banane;133;fruit banane;Bien mangeable;commande
Banane;105;fruit banane;Bien mangeable;commande
Banane;89;fruit banane;Bien mangeable;commande
Banane;159;fruit banane;Bien mangeable;commande
Banane;194;fruit banane;Bien mangeable;commande
Banane;80;fruit banane;Bien mangeable;commande
Banane;226;fruit banane;Bien mangeable;commande
Banane;44;fruit banane;Bien mangeable;commande
Banane;169;fruit banane;Bien mangeable;commande
Banane;66;fruit banane;Bien mangeable;commande
Banane;252;fruit banane;Bien mangeable;commande
Banane;51;fruit banane;Bien mangeable;commande
Banane;235;fruit banane;Bien mangeable;commande
Banane;17;fruit banane;Bien mangeable;commande
Banane;244;fruit banane;Bien mangeable;commande
Banane;187;fruit banane;Bien mangeable;commande
Banane;225;fruit banane;Bien mangeable;commande
Banane;19;fruit banane;Bien mangeable;commande
Banane;218;fruit banane;Bien mangeable;commande
Banane;154;fruit banane;Bien mangeable;commande
Banane;70;fruit banane;Bien mangeable;commande
Banane;230;fruit banane;Bien mangeable;commande
Banane;87;fruit banane;Bien mangeable;commande
Banane;91;fruit banane;Bien mangeable;commande
Banane;38;fruit banane;Bien mangeable;commande
Banane;207;fruit banane;Bien mangeable;commande
Banane;61;fruit banane;Bien mangeable;commande
Banane;149;fruit banane;Bien mangeable;commande
Banane;241;fruit banane;Bien mangeable;commande
Banane;30;fruit banane;Bien mangeable;commande
Banane;64;fruit banane;Bien mangeable;commande
Banane;106;fruit banane;Bien mangeable;commande
Banane;235;fruit banane;Bien mangeable;commande
Banane;59;fruit banane;Bien mangeable;commande
Banane;243;fruit banane;Bien mangeable;commande
Banane;221;fruit banane;Bien mangeable;commande
Banane;75;fruit banane;Bien mangeable;commande
Banane;87;fruit banane;Bien mangeable;commande
Banane;218;fruit banane;Bien mangeable;commande
Banane;94;fruit banane;Bien mangeable;commande
Banane;185;fruit banane;Bien mangeable;commande
Banane;82;fruit banane;Bien mangeable;commande
Banane;51;fruit banane;Bien mangeable;commande
Banane;143;fruit banane;Bien mangeable;commande
Banane;154;fruit banane;Bien mangeable;commande
Banane;222;fruit banane;Bien mangeable;commande
Banane;221;fruit banane;Bien mangeable;commande
Banane;235;fruit banane;Bien mangeable;commande
Banane;15;fruit banane;Bien mangeable;commande
Banane;22;fruit banane;Bien mangeable;commande
Banane;146;fruit banane;Bien mangeable;commande
Banane;21;fruit banane;Bien mangeable;commande
Banane;16;fruit banane;Bien mangeable;commande
Banane;137;fruit banane;Bien mangeable;commande
Banane;106;fruit banane;Bien mangeable;commande
Banane;32;fruit banane;Bien mangeable;commande
Banane;89;fruit banane;Bien mangeable;commande
Banane;248;fruit banane;Bien mangeable;commande
Banane;214;fruit banane;Bien mangeable;commande
Banane;199;fruit banane;Bien mangeable;commande
Banane;247;fruit banane;Bien mangeable;commande
Banane;119;fruit banane;Bien mangeable;commande
Banane;35;fruit banane;Bien mangeable;commande
Banane;139;fruit banane;Bien mangeable;commande
Banane;211;fruit banane;Bien mangeable;commande
Banane;152;fruit banane;Bien mangeable;commande
Banane;62;fruit banane;Bien mangeable;commande
Banane;92;fruit banane;Bien mangeable;commande
Banane;95;fruit banane;Bien mangeable;commande
Banane;107;fruit banane;Bien mangeable;commande
Banane;192;fruit banane;Bien mangeable;commande
Banane;54;fruit banane;Bien mangeable;commande
Banane;150;fruit banane;Bien mangeable;commande
Banane;201;fruit banane;Bien mangeable;commande
Banane;190;fruit banane;Bien mangeable;commande
Banane;121;fruit banane;Bien mangeable;commande
Banane;103;fruit banane;Bien mangeable;commande
Banane;172;fruit banane;Bien mangeable;commande
Banane;229;fruit banane;Bien mangeable;commande
Banane;202;fruit banane;Bien mangeable;commande
Banane;139;fruit banane;Bien mangeable;commande
Banane;242;fruit banane;Bien mangeable;commande
Banane;224;fruit banane;Bien mangeable;commande
Banane;120;fruit banane;Bien mangeable;commande
Banane;78;fruit banane;Bien mangeable;commande
Banane;96;fruit banane;Bien mangeable;commande
Banane;179;fruit banane;Bien mangeable;commande
Banane;209;fruit banane;Bien mangeable;commande
Banane;164;fruit banane;Bien mangeable;commande
Banane;145;fruit banane;Bien mangeable;commande
Banane;82;fruit banane;Bien mangeable;commande
Banane;99;fruit banane;Bien mangeable;commande
Banane;73;fruit banane;Bien mangeable;commande
Banane;98;fruit banane;Bien mangeable;commande
Banane;61;fruit banane;Bien mangeable;commande
Banane;58;fruit banane;Bien mangeable;commande
Banane;13;fruit banane;Bien mangeable;commande
Banane;67;fruit banane;Bien mangeable;commande
Banane;223;fruit banane;Bien mangeable;commande
Banane;140;fruit banane;Bien mangeable;commande
Banane;123;fruit banane;Bien mangeable;commande
Banane;249;fruit banane;Bien mangeable;commande
Banane;27;fruit banane;Bien mangeable;commande
Banane;41;fruit banane;Bien mangeable;commande
Banane;185;fruit banane;Bien mangeable;commande
Banane;146;fruit banane;Bien mangeable;commande
Banane;209;fruit banane;Bien mangeable;commande
Banane;34;fruit banane;Bien mangeable;commande
Banane;233;fruit banane;Bien mangeable;commande
Banane;134;fruit banane;Bien mangeable;commande
Banane;86;fruit banane;Bien mangeable;commande
Banane;146;fruit banane;Bien mangeable;commande
Banane;118;fruit banane;Bien mangeable;commande
Banane;48;fruit banane;Bien mangeable;commande
Banane;100;fruit banane;Bien mangeable;commande
Banane;44;fruit banane;Bien mangeable;commande
Banane;37;fruit banane;Bien mangeable;commande
Banane;20;fruit banane;Bien mangeable;commande
Banane;21;fruit banane;Bien mangeable;commande
Banane;49;fruit banane;Bien mangeable;commande
Banane;91;fruit banane;Bien mangeable;commande
Banane;163;fruit banane;Bien mangeable;commande
Banane;255;fruit banane;Bien mangeable;commande
Banane;211;fruit banane;Bien mangeable;commande
Banane;62;fruit banane;Bien mangeable;commande
Banane;97;fruit banane;Bien mangeable;commande
Banane;249;fruit banane;Bien mangeable;commande
Banane;10;fruit banane;Bien mangeable;commande
Banane;32;fruit banane;Bien mangeable;commande
Banane;62;fruit banane;Bien mangeable;commande
Banane;27;fruit banane;Bien mangeable;commande
Banane;86;fruit banane;Bien mangeable;commande
Banane;151;fruit banane;Bien mangeable;commande
Banane;50;fruit banane;Bien mangeable;commande
Banane;60;fruit banane;Bien mangeable;commande
Banane;234;fruit banane;Bien mangeable;commande
Banane;239;fruit banane;Bien mangeable;commande
Banane;220;fruit banane;Bien mangeable;commande
Banane;79;fruit banane;Bien mangeable;commande
Banane;19;fruit banane;Bien mangeable;commande
Banane;138;fruit banane;Bien mangeable;commande
Banane;130;fruit banane;Bien mangeable;commande
Banane;243;fruit banane;Bien mangeable;commande
Banane;93;fruit banane;Bien mangeable;commande
Banane;164;fruit banane;Bien mangeable;commande
Banane;77;fruit banane;Bien mangeable;commande
Banane;169;fruit banane;Bien mangeable;commande
Banane;256;fruit banane;Bien mangeable;commande
Banane;106;fruit banane;Bien mangeable;commande
Banane;212;fruit banane;Bien mangeable;commande
Banane;82;fruit banane;Bien mangeable;commande
Banane;236;fruit banane;Bien mangeable;commande
Banane;245;fruit banane;Bien mangeable;commande
Banane;242;fruit banane;Bien mangeable;commande
Banane;180;fruit banane;Bien mangeable;commande
Banane;203;fruit banane;Bien mangeable;commande
Banane;189;fruit banane;Bien mangeable;commande
Banane;215;fruit banane;Bien mangeable;commande
Banane;139;fruit banane;Bien mangeable;commande
Banane;129;fruit banane;Bien mangeable;commande
Banane;196;fruit banane;Bien mangeable;commande
Banane;253;fruit banane;Bien mangeable;commande
Banane;210;fruit banane;Bien mangeable;commande
Banane;84;fruit banane;Bien mangeable;commande
Banane;227;fruit banane;Bien mangeable;commande
Banane;28;fruit banane;Bien mangeable;commande
Banane;150;fruit banane;Bien mangeable;commande
Banane;251;fruit banane;Bien mangeable;commande
Banane;37;fruit banane;Bien mangeable;commande
Banane;205;fruit banane;Bien mangeable;commande
Banane;207;fruit banane;Bien mangeable;commande
Banane;73;fruit banane;Bien mangeable;commande
Banane;125;fruit banane;Bien mangeable;commande
Banane;154;fruit banane;Bien mangeable;commande
Banane;59;fruit banane;Bien mangeable;commande
Banane;76;fruit banane;Bien mangeable;commande
Banane;133;fruit banane;Bien mangeable;commande
Banane;108;fruit banane;Bien mangeable;commande
Banane;164;fruit banane;Bien mangeable;commande
Banane;184;fruit banane;Bien mangeable;commande
Banane;118;fruit banane;Bien mangeable;commande
Banane;137;fruit banane;Bien mangeable;commande
Banane;197;fruit banane;Bien mangeable;commande
Banane;139;fruit banane;Bien mangeable;commande
Banane;189;fruit banane;Bien mangeable;commande
Banane;231;fruit banane;Bien mangeable;commande
Banane;89;fruit banane;Bien mangeable;commande
Banane;150;fruit banane;Bien mangeable;commande
Banane;117;fruit banane;Bien mangeable;commande
Banane;35;fruit banane;Bien mangeable;commande
Banane;199;fruit banane;Bien mangeable;commande
Banane;149;fruit banane;Bien mangeable;commande
Banane;139;fruit banane;Bien mangeable;commande
Banane;19;fruit banane;Bien mangeable;commande
Banane;158;fruit banane;Bien mangeable;commande
Banane;128;fruit banane;Bien mangeable;commande
Banane;161;fruit banane;Bien mangeable;commande
Banane;64;fruit banane;Bien mangeable;commande
Banane;19;fruit banane;Bien mangeable;commande
Banane;85;fruit banane;Bien mangeable;commande
Banane;109;fruit banane;Bien mangeable;commande
Banane;134;fruit banane;Bien mangeable;commande
Banane;158;fruit banane;Bien mangeable;commande
Banane;79;fruit banane;Bien mangeable;commande
Banane;211;fruit banane;Bien mangeable;commande
Banane;195;fruit banane;Bien mangeable;commande
Banane;256;fruit banane;Bien mangeable;commande
Banane;56;fruit banane;Bien mangeable;commande
Banane;99;fruit banane;Bien mangeable;commande
Banane;213;fruit banane;Bien mangeable;commande
Banane;209;fruit banane;Bien mangeable;commande
Banane;11;fruit banane;Bien mangeable;commande
Banane;140;fruit banane;Bien mangeable;commande
Banane;45;fruit banane;Bien mangeable;commande
Banane;100;fruit banane;Bien mangeable;commande
Banane;243;fruit banane;Bien mangeable;commande
Banane;37;fruit banane;Bien mangeable;commande
Banane;178;fruit banane;Bien mangeable;commande
Banane;62;fruit banane;Bien mangeable;commande
Banane;218;fruit banane;Bien mangeable;commande
Banane;154;fruit banane;Bien mangeable;commande
Banane;58;fruit banane;Bien mangeable;commande
Banane;256;fruit banane;Bien mangeable;commande
Banane;125;fruit banane;Bien mangeable;commande
Banane;179;fruit banane;Bien mangeable;commande
Banane;20;fruit banane;Bien mangeable;commande
Banane;125;fruit banane;Bien mangeable;commande
Banane;243;fruit banane;Bien mangeable;commande
Banane;197;fruit banane;Bien mangeable;commande
Banane;72;fruit banane;Bien mangeable;commande
Banane;121;fruit banane;Bien mangeable;commande
Banane;135;fruit banane;Bien mangeable;commande
Banane;195;fruit banane;Bien mangeable;commande
Banane;204;fruit banane;Bien mangeable;commande
Banane;51;fruit banane;Bien mangeable;commande
Banane;140;fruit banane;Bien mangeable;commande
Banane;186;fruit banane;Bien mangeable;commande
Banane;45;fruit banane;Bien mangeable;commande
Banane;219;fruit banane;Bien mangeable;commande
Banane;117;fruit banane;Bien mangeable;Negociation
Banane;221;fruit banane;Bien mangeable;Negociation
Banane;148;fruit banane;Bien mangeable;Negociation
Banane;197;fruit banane;Bien mangeable;Negociation
Banane;100;fruit banane;Bien mangeable;Negociation
Banane;45;fruit banane;Bien mangeable;Negociation
Banane;28;fruit banane;Bien mangeable;Negociation
Banane;29;fruit banane;Bien mangeable;Negociation
Banane;117;fruit banane;Bien mangeable;Negociation
Banane;167;fruit banane;Bien mangeable;Negociation
Banane;173;fruit banane;Bien mangeable;Negociation
Banane;90;fruit banane;Bien mangeable;Negociation
Banane;16;fruit banane;Bien mangeable;Negociation
Banane;149;fruit banane;Bien mangeable;Negociation
Banane;139;fruit banane;Bien mangeable;Negociation
Banane;64;fruit banane;Bien mangeable;Negociation
Banane;197;fruit banane;Bien mangeable;Negociation
Banane;16;fruit banane;Bien mangeable;Negociation
Banane;195;fruit banane;Bien mangeable;Negociation
Banane;18;fruit banane;Bien mangeable;Negociation
Banane;176;fruit banane;Bien mangeable;Negociation
Banane;45;fruit banane;Bien mangeable;Negociation
Banane;112;fruit banane;Bien mangeable;Negociation
Banane;94;fruit banane;Bien mangeable;Negociation
Banane;235;fruit banane;Bien mangeable;Negociation
Banane;138;fruit banane;Bien mangeable;Negociation
Banane;132;fruit banane;Bien mangeable;Negociation
Banane;134;fruit banane;Bien mangeable;Negociation
Banane;63;fruit banane;Bien mangeable;Negociation
Banane;74;fruit banane;Bien mangeable;Negociation
Banane;255;fruit banane;Bien mangeable;Negociation
Banane;183;fruit banane;Bien mangeable;Negociation
Banane;42;fruit banane;Bien mangeable;Negociation
Banane;79;fruit banane;Bien mangeable;Negociation
Banane;162;fruit banane;Bien mangeable;Negociation
Banane;16;fruit banane;Bien mangeable;Negociation
Banane;141;fruit banane;Bien mangeable;Negociation
Banane;67;fruit banane;Bien mangeable;Negociation
Banane;182;fruit banane;Bien mangeable;Negociation
Banane;255;fruit banane;Bien mangeable;Negociation
Banane;197;fruit banane;Bien mangeable;Negociation
Banane;93;fruit banane;Bien mangeable;Negociation
Banane;195;fruit banane;Bien mangeable;Negociation
Banane;229;fruit banane;Bien mangeable;Negociation
Banane;57;fruit banane;Bien mangeable;Negociation
Banane;161;fruit banane;Bien mangeable;Negociation
Banane;33;fruit banane;Bien mangeable;Negociation
Banane;133;fruit banane;Bien mangeable;Negociation
Banane;104;fruit banane;Bien mangeable;Negociation
Banane;15;fruit banane;Bien mangeable;Negociation
Banane;84;fruit banane;Bien mangeable;Negociation
Banane;244;fruit banane;Bien mangeable;Negociation
Banane;70;fruit banane;Bien mangeable;Negociation
Banane;229;fruit banane;Bien mangeable;Negociation
Banane;73;fruit banane;Bien mangeable;Negociation
Ananas;237;fruit ananas;Bien negociable;Negociation
Ananas;133;fruit ananas;Bien negociable;Negociation
Ananas;217;fruit ananas;Bien negociable;Negociation
Ananas;106;fruit ananas;Bien negociable;Negociation
Ananas;253;fruit ananas;Bien negociable;Negociation
Ananas;143;fruit ananas;Bien negociable;Negociation
Ananas;240;fruit ananas;Bien negociable;Negociation
Ananas;63;fruit ananas;Bien negociable;Negociation
Ananas;215;fruit ananas;Bien negociable;Negociation
Ananas;196;fruit ananas;Bien negociable;Negociation
Ananas;143;fruit ananas;Bien negociable;Negociation
Ananas;39;fruit ananas;Bien negociable;Negociation
Ananas;124;fruit ananas;Bien negociable;Negociation
Ananas;129;fruit ananas;Bien negociable;Negociation
Ananas;117;fruit ananas;Bien negociable;Negociation
Ananas;26;fruit ananas;Bien negociable;Negociation
Ananas;187;fruit ananas;Bien negociable;Negociation
Ananas;189;fruit ananas;Bien negociable;Negociation
Ananas;14;fruit ananas;Bien negociable;Negociation
Ananas;194;fruit ananas;Bien negociable;Negociation
Ananas;169;fruit ananas;Bien negociable;Negociation
Ananas;35;fruit ananas;Bien negociable;Negociation
Ananas;144;fruit ananas;Bien negociable;Negociation
Ananas;17;fruit ananas;Bien negociable;Negociation
Ananas;182;fruit ananas;Bien negociable;Negociation
Ananas;96;fruit ananas;Bien negociable;Negociation
Ananas;100;fruit ananas;Bien negociable;Negociation
Ananas;51;fruit ananas;Bien negociable;Negociation
Ananas;194;fruit ananas;Bien negociable;Negociation
Ananas;206;fruit ananas;Bien negociable;Negociation
Ananas;188;fruit ananas;Bien negociable;Negociation
Ananas;212;fruit ananas;Bien negociable;Negociation
Ananas;80;fruit ananas;Bien negociable;Negociation
Ananas;216;fruit ananas;Bien negociable;Negociation
Ananas;148;fruit ananas;Bien negociable;Negociation
Ananas;183;fruit ananas;Bien negociable;Negociation
Ananas;122;fruit ananas;Bien negociable;Negociation
Ananas;108;fruit ananas;Bien negociable;Negociation
Ananas;249;fruit ananas;Bien negociable;Negociation
Ananas;68;fruit ananas;Bien negociable;Negociation
Ananas;14;fruit ananas;Bien negociable;Negociation
Ananas;207;fruit ananas;Bien negociable;Negociation
Ananas;118;fruit ananas;Bien negociable;Negociation
Ananas;173;fruit ananas;Bien negociable;Negociation
Ananas;157;fruit ananas;Bien negociable;Negociation
Ananas;218;fruit ananas;Bien negociable;Negociation
Ananas;32;fruit ananas;Bien negociable;Negociation
Ananas;192;fruit ananas;Bien negociable;Negociation
Ananas;142;fruit ananas;Bien negociable;Negociation
Ananas;249;fruit ananas;Bien negociable;Negociation
Ananas;86;fruit ananas;Bien negociable;Negociation
Ananas;136;fruit ananas;Bien negociable;Negociation
Ananas;192;fruit ananas;Bien negociable;Negociation
Ananas;89;fruit ananas;Bien negociable;Negociation
Ananas;39;fruit ananas;Bien negociable;Negociation
Ananas;102;fruit ananas;Bien negociable;Negociation
Ananas;99;fruit ananas;Bien negociable;Negociation
Ananas;88;fruit ananas;Bien negociable;Negociation
Ananas;244;fruit ananas;Bien negociable;Negociation
Ananas;178;fruit ananas;Bien negociable;Negociation
Ananas;102;fruit ananas;Bien negociable;Negociation
Ananas;80;fruit ananas;Bien negociable;Negociation
Ananas;104;fruit ananas;Bien negociable;Negociation
Ananas;177;fruit ananas;Bien negociable;Negociation
Ananas;142;fruit ananas;Bien negociable;Negociation
Ananas;153;fruit ananas;Bien negociable;Negociation
Ananas;218;fruit ananas;Bien negociable;Negociation
Ananas;181;fruit ananas;Bien negociable;Negociation
Ananas;121;fruit ananas;Bien negociable;Negociation
Ananas;203;fruit ananas;Bien negociable;Negociation
Ananas;40;fruit ananas;Bien negociable;Negociation
Ananas;65;fruit ananas;Bien negociable;Negociation
Ananas;250;fruit ananas;Bien negociable;Negociation
Ananas;71;fruit ananas;Bien negociable;Negociation
Ananas;167;fruit ananas;Bien negociable;Negociation
Ananas;136;fruit ananas;Bien negociable;Negociation
Ananas;98;fruit ananas;Bien negociable;Negociation
Ananas;195;fruit ananas;Bien negociable;Negociation
Ananas;136;fruit ananas;Bien negociable;Negociation
Ananas;206;fruit ananas;Bien negociable;Negociation
Ananas;21;fruit ananas;Bien negociable;Negociation
Ananas;88;fruit ananas;Bien negociable;Negociation
Ananas;165;fruit ananas;Bien negociable;Negociation
Ananas;122;fruit ananas;Bien negociable;Negociation
Ananas;10;fruit ananas;Bien negociable;Negociation
Ananas;225;fruit ananas;Bien negociable;Negociation
Ananas;209;fruit ananas;Bien negociable;Negociation
Ananas;240;fruit ananas;Bien negociable;Negociation
Ananas;186;fruit ananas;Bien negociable;Negociation
Ananas;112;fruit ananas;Bien negociable;Negociation
Ananas;242;fruit ananas;Bien negociable;Negociation
Ananas;139;fruit ananas;Bien negociable;Negociation
Ananas;247;fruit ananas;Bien negociable;Negociation
Ananas;231;fruit ananas;Bien negociable;Negociation
Ananas;138;fruit ananas;Bien negociable;Negociation
Ananas;25;fruit ananas;Bien negociable;Negociation
Ananas;238;fruit ananas;Bien negociable;Negociation
Ananas;200;fruit ananas;Bien negociable;Negociation
Ananas;55;fruit ananas;Bien negociable;Negociation
Ananas;100;fruit ananas;Bien negociable;Negociation
Ananas;202;fruit ananas;Bien negociable;Negociation
Ananas;224;fruit ananas;Bien negociable;Negociation
Ananas;110;fruit ananas;Bien negociable;Negociation
Ananas;150;fruit ananas;Bien negociable;Negociation
Ananas;150;fruit ananas;Bien negociable;Negociation
Ananas;126;fruit ananas;Bien negociable;Negociation
Ananas;228;fruit ananas;Bien negociable;Negociation
Ananas;36;fruit ananas;Bien negociable;Negociation
Ananas;23;fruit ananas;Bien negociable;Negociation
Ananas;20;fruit ananas;Bien negociable;Negociation
Ananas;23;fruit ananas;Bien negociable;Negociation
Ananas;63;fruit ananas;Bien negociable;Negociation
Ananas;196;fruit ananas;Bien negociable;Negociation
Ananas;122;fruit ananas;Bien negociable;Negociation
Ananas;221;fruit ananas;Bien negociable;Negociation
Ananas;31;fruit ananas;Bien negociable;Negociation
Ananas;113;fruit ananas;Bien negociable;Negociation
Ananas;187;fruit ananas;Bien negociable;Negociation
Ananas;74;fruit ananas;Bien negociable;Negociation
Ananas;244;fruit ananas;Bien negociable;Negociation
Ananas;56;fruit ananas;Bien negociable;Negociation
Ananas;104;fruit ananas;Bien negociable;Negociation
Ananas;209;fruit ananas;Bien negociable;Negociation
Ananas;176;fruit ananas;Bien negociable;Negociation
Ananas;104;fruit ananas;Bien negociable;Negociation
Ananas;134;fruit ananas;Bien negociable;Negociation
Ananas;50;fruit ananas;Bien negociable;Negociation
Ananas;14;fruit ananas;Bien negociable;Negociation
Ananas;69;fruit ananas;Bien negociable;Negociation
Ananas;20;fruit ananas;Bien negociable;Negociation
Ananas;23;fruit ananas;Bien negociable;Negociation
Ananas;75;fruit ananas;Bien negociable;Negociation
Ananas;158;fruit ananas;Bien negociable;Negociation
Ananas;31;fruit ananas;Bien negociable;Negociation
Ananas;238;fruit ananas;Bien negociable;Negociation
Ananas;31;fruit ananas;Bien negociable;Negociation
Ananas;218;fruit ananas;Bien negociable;Negociation
Ananas;243;fruit ananas;Bien negociable;Negociation
Ananas;51;fruit ananas;Bien negociable;Negociation
Ananas;210;fruit ananas;Bien negociable;Negociation
Ananas;218;fruit ananas;Bien negociable;Negociation
Ananas;72;fruit ananas;Bien negociable;Negociation
Ananas;159;fruit ananas;Bien negociable;Negociation
Ananas;109;fruit ananas;Bien negociable;Negociation
Ananas;68;fruit ananas;Bien negociable;Negociation
Ananas;15;fruit ananas;Bien negociable;Negociation
Ananas;64;fruit ananas;Bien negociable;Negociation
Ananas;256;fruit ananas;Bien negociable;Negociation
Ananas;222;fruit ananas;Bien negociable;Negociation
Ananas;119;fruit ananas;Bien negociable;Negociation
Ananas;181;fruit ananas;Bien negociable;Negociation
Ananas;126;fruit ananas;Bien negociable;Negociation
Ananas;204;fruit ananas;Bien negociable;Negociation
Ananas;212;fruit ananas;Bien negociable;Negociation
Ananas;180;fruit ananas;Bien negociable;Negociation
Ananas;150;fruit ananas;Bien negociable;Negociation
Ananas;214;fruit ananas;Bien negociable;Negociation
Ananas;102;fruit ananas;Bien negociable;Negociation
Ananas;32;fruit ananas;Bien negociable;Negociation
Ananas;128;fruit ananas;Bien negociable;Negociation
Ananas;225;fruit ananas;Bien negociable;Negociation
Ananas;105;fruit ananas;Bien negociable;Negociation
Ananas;22;fruit ananas;Bien negociable;Negociation
Ananas;69;fruit ananas;Bien negociable;Negociation
Ananas;13;fruit ananas;Bien negociable;Negociation
Ananas;248;fruit ananas;Bien negociable;Negociation
Ananas;132;fruit ananas;Bien negociable;Negociation
Ananas;189;fruit ananas;Bien negociable;Negociation
Ananas;97;fruit ananas;Bien negociable;Negociation
Ananas;63;fruit ananas;Bien negociable;Negociation
Ananas;221;fruit ananas;Bien negociable;Negociation
Ananas;100;fruit ananas;Bien negociable;Negociation
Ananas;75;fruit ananas;Bien negociable;Negociation
Ananas;88;fruit ananas;Bien negociable;Negociation
Ananas;61;fruit ananas;Bien negociable;Negociation
Ananas;134;fruit ananas;Bien negociable;Negociation
Ananas;150;fruit ananas;Bien negociable;Negociation
Ananas;47;fruit ananas;Bien negociable;Negociation
Ananas;74;fruit ananas;Bien negociable;Negociation
Ananas;105;fruit ananas;Bien negociable;Negociation
Ananas;83;fruit ananas;Bien negociable;Negociation
Ananas;21;fruit ananas;Bien negociable;Negociation
Ananas;247;fruit ananas;Bien negociable;Negociation
Ananas;175;fruit ananas;Bien negociable;Negociation
Ananas;183;fruit ananas;Bien negociable;Negociation
Ananas;25;fruit ananas;Bien negociable;Negociation
Ananas;211;fruit ananas;Bien negociable;Negociation
Ananas;227;fruit ananas;Bien negociable;Negociation
Ananas;233;fruit ananas;Bien negociable;Negociation
Ananas;126;fruit ananas;Bien negociable;Negociation
Ananas;50;fruit ananas;Bien negociable;Negociation
Ananas;136;fruit ananas;Bien negociable;Negociation
Ananas;153;fruit ananas;Bien negociable;Negociation
Ananas;166;fruit ananas;Bien negociable;Negociation
Ananas;167;fruit ananas;Bien negociable;Negociation
Ananas;95;fruit ananas;Bien negociable;Negociation
Ananas;47;fruit ananas;Bien negociable;Negociation
Ananas;27;fruit ananas;Bien negociable;Negociation
Ananas;144;fruit ananas;Bien negociable;Negociation
Ananas;93;fruit ananas;Bien negociable;Negociation
Ananas;79;fruit ananas;Bien negociable;Negociation
Ananas;179;fruit ananas;Bien negociable;Negociation
Ananas;211;fruit ananas;Bien negociable;Negociation
Ananas;131;fruit ananas;Bien negociable;Negociation
Ananas;104;fruit ananas;Bien negociable;Negociation
Ananas;123;fruit ananas;Bien negociable;Negociation
Ananas;251;fruit ananas;Bien negociable;Negociation
Ananas;156;fruit ananas;Bien negociable;Negociation
Ananas;210;fruit ananas;Bien negociable;Negociation
Ananas;178;fruit ananas;Bien negociable;Negociation
Ananas;32;fruit ananas;Bien negociable;Negociation
Ananas;247;fruit ananas;Bien negociable;Negociation
Ananas;75;fruit ananas;Bien negociable;Negociation
Ananas;106;fruit ananas;Bien negociable;Negociation
Ananas;164;fruit ananas;Bien negociable;Negociation
Informatique;153;ordinateur;Bien informatique;Negociation
Informatique;121;ordinateur;Bien informatique;Negociation
Informatique;88;ordinateur;Bien informatique;Negociation
Informatique;108;ordinateur;Bien informatique;Negociation
Informatique;80;ordinateur;Bien informatique;Negociation
Informatique;43;ordinateur;Bien informatique;Negociation
Informatique;83;ordinateur;Bien informatique;Negociation
Informatique;32;ordinateur;Bien informatique;Negociation
Informatique;155;ordinateur;Bien informatique;Negociation
Informatique;71;ordinateur;Bien informatique;Negociation
Informatique;206;ordinateur;Bien informatique;Negociation
Informatique;251;ordinateur;Bien informatique;Negociation
Informatique;119;ordinateur;Bien informatique;Negociation
Informatique;83;ordinateur;Bien informatique;Negociation
Informatique;216;ordinateur;Bien informatique;Negociation
Informatique;249;ordinateur;Bien informatique;Negociation
Informatique;70;ordinateur;Bien informatique;Negociation
Informatique;110;ordinateur;Bien informatique;Negociation
Informatique;246;ordinateur;Bien informatique;Negociation
Informatique;133;ordinateur;Bien informatique;Negociation
Informatique;31;ordinateur;Bien informatique;Negociation
Informatique;95;ordinateur;Bien informatique;Negociation
Informatique;143;ordinateur;Bien informatique;Negociation
Informatique;241;ordinateur;Bien informatique;Negociation
Informatique;120;ordinateur;Bien informatique;Negociation
Informatique;219;ordinateur;Bien informatique;Negociation
Informatique;246;ordinateur;Bien informatique;Negociation
Informatique;239;ordinateur;Bien informatique;Negociation
Informatique;191;ordinateur;Bien informatique;Negociation
Informatique;124;ordinateur;Bien informatique;Negociation
Informatique;179;ordinateur;Bien informatique;Negociation
Informatique;168;ordinateur;Bien informatique;Negociation
Informatique;100;ordinateur;Bien informatique;Negociation
Informatique;88;ordinateur;Bien informatique;Negociation
Informatique;56;ordinateur;Bien informatique;Negociation
Informatique;167;ordinateur;Bien informatique;Negociation
Informatique;233;ordinateur;Bien informatique;Negociation
Informatique;113;ordinateur;Bien informatique;Negociation
Informatique;86;ordinateur;Bien informatique;Negociation
Informatique;108;ordinateur;Bien informatique;Negociation
Informatique;62;ordinateur;Bien informatique;Negociation
Informatique;184;ordinateur;Bien informatique;Negociation
Informatique;25;ordinateur;Bien informatique;Negociation
Informatique;95;ordinateur;Bien informatique;Negociation
Informatique;141;ordinateur;Bien informatique;Negociation
Informatique;77;ordinateur;Bien informatique;Negociation
Informatique;177;ordinateur;Bien informatique;Negociation
Informatique;123;ordinateur;Bien informatique;Negociation
Informatique;195;ordinateur;Bien informatique;Negociation
Informatique;131;ordinateur;Bien informatique;Negociation
Informatique;23;ordinateur;Bien informatique;Negociation
Informatique;171;ordinateur;Bien informatique;Negociation
Informatique;49;ordinateur;Bien informatique;Negociation
Informatique;198;ordinateur;Bien informatique;Negociation
Informatique;95;ordinateur;Bien informatique;Negociation
Informatique;153;ordinateur;Bien informatique;Negociation
Informatique;246;ordinateur;Bien informatique;Negociation
Informatique;166;ordinateur;Bien informatique;Negociation
Informatique;93;ordinateur;Bien informatique;Negociation
Informatique;107;ordinateur;Bien informatique;Negociation
Informatique;179;ordinateur;Bien informatique;Negociation
Informatique;217;ordinateur;Bien informatique;Negociation
Informatique;181;ordinateur;Bien informatique;Negociation
Informatique;64;ordinateur;Bien informatique;Negociation
Informatique;139;ordinateur;Bien informatique;Negociation
Informatique;215;ordinateur;Bien informatique;Negociation
Informatique;176;ordinateur;Bien informatique;Negociation
Informatique;194;ordinateur;Bien informatique;Negociation
Informatique;123;ordinateur;Bien informatique;Negociation
Informatique;148;ordinateur;Bien informatique;Negociation
Informatique;130;ordinateur;Bien informatique;Negociation
Informatique;218;ordinateur;Bien informatique;Negociation
Informatique;207;ordinateur;Bien informatique;Negociation
Informatique;89;ordinateur;Bien informatique;Negociation
Informatique;125;ordinateur;Bien informatique;Negociation
Informatique;40;ordinateur;Bien informatique;Negociation
Informatique;251;ordinateur;Bien informatique;Negociation
Informatique;164;ordinateur;Bien informatique;Negociation
Informatique;176;ordinateur;Bien informatique;Negociation
Informatique;161;ordinateur;Bien informatique;Negociation
Informatique;191;ordinateur;Bien informatique;Negociation
Informatique;12;ordinateur;Bien informatique;Negociation
Informatique;158;ordinateur;Bien informatique;Negociation
Informatique;217;ordinateur;Bien informatique;Negociation
Informatique;166;ordinateur;Bien informatique;Negociation
Informatique;156;ordinateur;Bien informatique;Negociation
Informatique;24;ordinateur;Bien informatique;Negociation
Informatique;180;ordinateur;Bien informatique;Negociation
Informatique;14;ordinateur;Bien informatique;Negociation
Informatique;197;ordinateur;Bien informatique;Negociation
Informatique;82;ordinateur;Bien informatique;Negociation
Informatique;120;ordinateur;Bien informatique;Negociation
Informatique;59;ordinateur;Bien informatique;Negociation
Informatique;77;ordinateur;Bien informatique;Negociation
Informatique;104;ordinateur;Bien informatique;Negociation
Informatique;187;ordinateur;Bien informatique;Negociation
Informatique;146;ordinateur;Bien informatique;Negociation
Informatique;153;ordinateur;Bien informatique;Negociation
Informatique;134;ordinateur;Bien informatique;Negociation
Informatique;92;ordinateur;Bien informatique;Negociation
Informatique;38;ordinateur;Bien informatique;Negociation
Informatique;71;ordinateur;Bien informatique;Negociation
Informatique;129;ordinateur;Bien informatique;Negociation
Informatique;106;ordinateur;Bien informatique;Negociation
Informatique;73;ordinateur;Bien informatique;Negociation
Informatique;59;ordinateur;Bien informatique;Negociation
Informatique;122;ordinateur;Bien informatique;Negociation
Informatique;191;ordinateur;Bien informatique;Negociation
Informatique;73;ordinateur;Bien informatique;Negociation
Informatique;251;ordinateur;Bien informatique;Negociation
Informatique;213;ordinateur;Bien informatique;Negociation
Menager ;224;assiete;Bien materiel;Negociation
Menager ;134;assiete;Bien materiel;Negociation
Menager ;93;assiete;Bien materiel;Negociation
Menager ;182;assiete;Bien materiel;Negociation
Menager ;176;assiete;Bien materiel;Negociation
Menager ;242;assiete;Bien materiel;Negociation
Menager ;138;assiete;Bien materiel;Negociation
Menager ;183;assiete;Bien materiel;Negociation
Menager ;126;assiete;Bien materiel;Negociation
Menager ;59;assiete;Bien materiel;Negociation
Menager ;254;assiete;Bien materiel;Negociation
Menager ;216;assiete;Bien materiel;Negociation
Menager ;237;assiete;Bien materiel;Negociation
Menager ;87;assiete;Bien materiel;Negociation
Menager ;140;assiete;Bien materiel;Negociation
Menager ;174;assiete;Bien materiel;Negociation
Menager ;196;assiete;Bien materiel;Negociation
Menager ;142;assiete;Bien materiel;Negociation
Menager ;211;assiete;Bien materiel;Negociation
Menager ;225;assiete;Bien materiel;Negociation
Menager ;192;assiete;Bien materiel;Negociation
Menager ;220;assiete;Bien materiel;Negociation
Menager ;157;assiete;Bien materiel;Negociation
Menager ;135;assiete;Bien materiel;Negociation
Menager ;109;assiete;Bien materiel;Negociation
Menager ;137;assiete;Bien materiel;Negociation
Menager ;185;assiete;Bien materiel;Negociation
Menager ;178;assiete;Bien materiel;Negociation
Menager ;44;assiete;Bien materiel;Negociation
Menager ;230;assiete;Bien materiel;Negociation
Menager ;56;assiete;Bien materiel;Negociation
Menager ;230;assiete;Bien materiel;Negociation
Menager ;49;assiete;Bien materiel;Negociation
Menager ;253;assiete;Bien materiel;Negociation
Menager ;103;assiete;Bien materiel;Negociation
Menager ;176;assiete;Bien materiel;Negociation
Menager ;119;assiete;Bien materiel;Negociation
Menager ;146;assiete;Bien materiel;Negociation
Menager ;238;assiete;Bien materiel;Rupture
Menager ;54;assiete;Bien materiel;Rupture
Menager ;10;assiete;Bien materiel;Rupture
Menager ;105;assiete;Bien materiel;Rupture
Menager ;183;assiete;Bien materiel;Rupture
Menager ;156;assiete;Bien materiel;Rupture
Menager ;114;assiete;Bien materiel;Rupture
Menager ;87;assiete;Bien materiel;Rupture
Menager ;50;assiete;Bien materiel;Rupture
Menager ;158;assiete;Bien materiel;Rupture
Menager ;146;assiete;Bien materiel;Rupture
Menager ;237;assiete;Bien materiel;Rupture
Menager ;214;assiete;Bien materiel;Rupture
Menager ;54;assiete;Bien materiel;Rupture
Menager ;235;assiete;Bien materiel;Rupture
Menager ;40;assiete;Bien materiel;Rupture
Menager ;14;assiete;Bien materiel;Rupture
Menager ;210;assiete;Bien materiel;Rupture
Menager ;224;assiete;Bien materiel;Rupture
Menager ;55;assiete;Bien materiel;Rupture
Menager ;69;assiete;Bien materiel;Rupture
Menager ;203;assiete;Bien materiel;Rupture
Menager ;163;assiete;Bien materiel;Rupture
Menager ;248;assiete;Bien materiel;Rupture
Menager ;209;assiete;Bien materiel;Rupture
Menager ;71;assiete;Bien materiel;Rupture
Menager ;13;assiete;Bien materiel;Rupture
Menager ;42;assiete;Bien materiel;Rupture
Menager ;118;assiete;Bien materiel;Rupture
Menager ;123;assiete;Bien materiel;Rupture
Menager ;29;assiete;Bien materiel;Rupture
Menager ;171;assiete;Bien materiel;Rupture
Menager ;114;assiete;Bien materiel;Rupture
Menager ;159;assiete;Bien materiel;Rupture
Menager ;145;assiete;Bien materiel;Rupture
Menager ;248;assiete;Bien materiel;Rupture
Menager ;188;assiete;Bien materiel;Rupture
Menager ;203;assiete;Bien materiel;Rupture
Menager ;249;assiete;Bien materiel;Rupture
Menager ;167;assiete;Bien materiel;Rupture
Menager ;115;assiete;Bien materiel;Rupture
Menager ;126;assiete;Bien materiel;Rupture
Menager ;252;assiete;Bien materiel;Rupture
Menager ;126;assiete;Bien materiel;Rupture
Menager ;34;assiete;Bien materiel;Rupture
Menager ;135;assiete;Bien materiel;Rupture
Menager ;210;assiete;Bien materiel;Rupture
Menager ;240;assiete;Bien materiel;Rupture
Menager ;43;assiete;Bien materiel;Rupture
Menager ;18;assiete;Bien materiel;Rupture
Menager ;168;assiete;Bien materiel;Rupture
Menager ;109;assiete;Bien materiel;Rupture
Menager ;149;assiete;Bien materiel;Rupture
Menager ;216;assiete;Bien materiel;Rupture
Menager ;49;assiete;Bien materiel;Rupture
Menager ;184;assiete;Bien materiel;Rupture
Menager ;193;assiete;Bien materiel;Rupture
Menager ;153;assiete;Bien materiel;Rupture
Menager ;220;assiete;Bien materiel;Rupture
Menager ;118;assiete;Bien materiel;Rupture
Menager ;108;assiete;Bien materiel;Rupture
Menager ;227;assiete;Bien materiel;Rupture
Menager ;61;assiete;Bien materiel;Rupture
Menager ;65;assiete;Bien materiel;Rupture
Menager ;118;assiete;Bien materiel;Rupture
Menager ;226;assiete;Bien materiel;Rupture
Menager ;239;assiete;Bien materiel;Rupture
Menager ;115;assiete;Bien materiel;Rupture
Menager ;194;assiete;Bien materiel;Rupture
Menager ;18;assiete;Bien materiel;Rupture
Menager ;102;assiete;Bien materiel;Rupture
Menager ;72;assiete;Bien materiel;Rupture
Menager ;123;assiete;Bien materiel;Rupture
Menager ;48;assiete;Bien materiel;Rupture
Menager ;194;assiete;Bien materiel;Rupture
Menager ;19;assiete;Bien materiel;Rupture
Menager ;155;assiete;Bien materiel;Rupture
Menager ;56;assiete;Bien materiel;Rupture
Menager ;164;assiete;Bien materiel;Rupture
Menager ;224;assiete;Bien materiel;Rupture
Menager ;122;assiete;Bien materiel;Rupture
Menager ;36;assiete;Bien materiel;Rupture
Menager ;121;assiete;Bien materiel;Rupture
Menager ;251;assiete;Bien materiel;Rupture
Menager ;63;assiete;Bien materiel;Rupture
Menager ;139;assiete;Bien materiel;Rupture
Menager ;204;assiete;Bien materiel;Rupture
Menager ;95;assiete;Bien materiel;Rupture
Menager ;41;assiete;Bien materiel;Rupture
Menager ;209;assiete;Bien materiel;Rupture
Menager ;84;assiete;Bien materiel;Rupture
Menager ;47;assiete;Bien materiel;Rupture
Menager ;69;assiete;Bien materiel;Rupture
Menager ;31;assiete;Bien materiel;Rupture
Menager ;17;assiete;Bien materiel;Rupture
Menager ;22;assiete;Bien materiel;Rupture
Menager ;98;assiete;Bien materiel;Rupture
Menager ;22;assiete;Bien materiel;Rupture
Menager ;16;assiete;Bien materiel;Rupture
Menager ;213;assiete;Bien materiel;Rupture
Menager ;28;assiete;Bien materiel;Rupture
Menager ;201;assiete;Bien materiel;Rupture
Menager ;130;assiete;Bien materiel;Rupture
Menager ;81;assiete;Bien materiel;Rupture
Menager ;213;assiete;Bien materiel;Rupture
Menager ;116;assiete;Bien materiel;Rupture
Menager ;20;assiete;Bien materiel;Rupture
Menager ;227;assiete;Bien materiel;Rupture
Menager ;228;assiete;Bien materiel;Rupture
Menager ;243;assiete;Bien materiel;Rupture
Menager ;79;assiete;Bien materiel;Rupture
Menager ;81;assiete;Bien materiel;Rupture
Menager ;227;assiete;Bien materiel;Rupture
Menager ;255;assiete;Bien materiel;Rupture
Menager ;10;assiete;Bien materiel;Rupture
Menager ;176;assiete;Bien materiel;Rupture
Menager ;221;assiete;Bien materiel;Rupture
Menager ;94;assiete;Bien materiel;Rupture
Menager ;113;assiete;Bien materiel;Rupture
Menager ;129;assiete;Bien materiel;Rupture
Menager ;139;assiete;Bien materiel;Rupture
Menager ;47;assiete;Bien materiel;Rupture
Menager ;204;assiete;Bien materiel;Rupture
Menager ;174;assiete;Bien materiel;Rupture
Menager ;195;assiete;Bien materiel;Rupture
Menager ;122;assiete;Bien materiel;Rupture
Menager ;124;assiete;Bien materiel;Rupture
Menager ;125;assiete;Bien materiel;Rupture
Menager ;44;assiete;Bien materiel;Rupture
Menager ;129;assiete;Bien materiel;Rupture
Menager ;183;assiete;Bien materiel;Rupture
Menager ;235;assiete;Bien materiel;Rupture
Menager ;43;assiete;Bien materiel;Rupture
Menager ;128;assiete;Bien materiel;Rupture
Menager ;255;assiete;Bien materiel;Rupture
Menager ;19;assiete;Bien materiel;Rupture
Menager ;67;assiete;Bien materiel;Rupture
Menager ;191;assiete;Bien materiel;Rupture
Menager ;198;assiete;Bien materiel;Rupture
Menager ;89;assiete;Bien materiel;Rupture
Menager ;225;assiete;Bien materiel;Rupture
Menager ;192;assiete;Bien materiel;Rupture
Menager ;189;assiete;Bien materiel;Rupture
Menager ;244;assiete;Bien materiel;Rupture
Menager ;64;assiete;Bien materiel;Rupture
Menager ;206;assiete;Bien materiel;Rupture
Menager ;101;assiete;Bien materiel;Rupture
Menager ;55;assiete;Bien materiel;Rupture
Menager ;175;assiete;Bien materiel;Rupture
Menager ;68;assiete;Bien materiel;Rupture
Menager ;176;assiete;Bien materiel;Rupture
Menager ;236;assiete;Bien materiel;Rupture
Menager ;195;assiete;Bien materiel;Rupture
Menager ;228;assiete;Bien materiel;Rupture
Menager ;164;assiete;Bien materiel;Stock
Menager ;41;assiete;Bien materiel;Stock
Menager ;131;assiete;Bien materiel;Stock
Menager ;46;assiete;Bien materiel;Stock
Menager ;66;assiete;Bien materiel;Stock
Menager ;241;assiete;Bien materiel;Stock
Menager ;14;assiete;Bien materiel;Stock
Menager ;89;assiete;Bien materiel;Stock
Menager ;197;assiete;Bien materiel;Stock
Menager ;103;assiete;Bien materiel;Stock
Menager ;15;assiete;Bien materiel;Stock
Menager ;77;assiete;Bien materiel;Stock
Menager ;113;assiete;Bien materiel;Stock
Menager ;151;assiete;Bien materiel;Stock
Menager ;111;assiete;Bien materiel;Stock
Menager ;59;assiete;Bien materiel;Stock
Menager ;148;assiete;Bien materiel;Stock
Menager ;167;assiete;Bien materiel;Stock
Menager ;114;assiete;Bien materiel;Stock
Menager ;124;assiete;Bien materiel;Stock
Menager ;23;assiete;Bien materiel;Stock
Menager ;105;assiete;Bien materiel;Stock
Menager ;104;assiete;Bien materiel;Stock
Menager ;23;assiete;Bien materiel;Stock
Menager ;255;assiete;Bien materiel;Stock
Menager ;134;assiete;Bien materiel;Stock
