Resp National;Resp Regional;Path;N° Ingenieur Commercial;N° Manager;Commercial
Maurice guilavogui ;Henry camara;Mohamed Keita;15;17;camara Momo
Maurice guilavogui ;Henry camara;Mohamed Keita;13;16;Momo kamano
Maurice guilavogui ;Henry camara;Mohamed Keita;10;13;Momo kamano
Maurice guilavogui ;Henry camara;Mohamed Keita;10;14;Momo kamano
Maurice guilavogui ;Henry camara;Mohamed Keita;16;7;Momo kamano
Maurice guilavogui ;Henry camara;Mohamed Keita;20;15;Momo kamano
Maurice guilavogui ;Henry camara;Mohamed Keita;15;4;Momo kamano
Maurice guilavogui ;Henry camara;Mohamed Keita;18;18;Momo kamano
Maurice guilavogui ;Henry camara;Mohamed Keita;20;18;Momo kamano
Maurice guilavogui ;Henry camara;Mohamed Keita;18;4;Momo kamano
Maurice guilavogui ;Henry camara;Mohamed Keita;15;5;Momo kamano
Maurice guilavogui ;Henry camara;Mohamed Keita;10;19;Momo kamano
Maurice guilavogui ;Henry camara;Mohamed Keita;14;8;Momo kamano
Maurice guilavogui ;Henry camara;Mohamed Keita;10;14;Momo kamano
Maurice guilavogui ;Henry camara;Mohamed Keita;20;4;Momo kamano
Noel Guilavogui;Patrice Kamano;Souro Keita;19;19;Momo kamano
Noel Guilavogui;Patrice Kamano;Souro Keita;18;16;Momo kamano
Noel Guilavogui;Patrice Kamano;Souro Keita;20;9;Momo kamano
Noel Guilavogui;Patrice Kamano;Souro Keita;20;12;camara Momo
Noel Guilavogui;Patrice Kamano;Souro Keita;14;7;camara Momo
Noel Guilavogui;Patrice Kamano;Souro Keita;15;14;camara Momo
Noel Guilavogui;Patrice Kamano;Souro Keita;13;18;camara Momo
Noel Guilavogui;Patrice Kamano;Souro Keita;16;19;camara Momo
Noel Guilavogui;Patrice Kamano;Souro Keita;11;7;camara Momo
Noel Guilavogui;Patrice Kamano;Souro Keita;15;4;camara Momo
Noel Guilavogui;Patrice Kamano;Souro Keita;18;9;camara Momo
Noel Guilavogui;Patrice Kamano;Souro Keita;14;10;camara Momo
Noel Guilavogui;Patrice Kamano;Souro Keita;20;2;camara Momo
Noel Guilavogui;Patrice Kamano;Souro Keita;17;20;camara Momo
Noel Guilavogui;Patrice Kamano;Souro Keita;14;14;camara Momo
Noel Guilavogui;Patrice Kamano;Souro Keita;17;2;camara Momo
Noel Guilavogui;Patrice Kamano;Souro Keita;12;7;camara Momo
Noel Guilavogui;Patrice Kamano;Souro Keita;18;11;camara Momo
Michel Guilavogui ;Famoussa Bangoura;Mohamed Guisse;12;11;keita Bamba
Michel Guilavogui ;Famoussa Bangoura;Mohamed Guisse;16;11;keita Bamba
Michel Guilavogui ;Famoussa Bangoura;Mohamed Guisse;14;10;keita Bamba
Michel Guilavogui ;Famoussa Bangoura;Mohamed Guisse;12;15;keita Bamba
Michel Guilavogui ;Famoussa Bangoura;Mohamed Guisse;19;7;keita Bamba
Michel Guilavogui ;Famoussa Bangoura;Mohamed Guisse;15;8;keita Bamba
Michel Guilavogui ;Famoussa Bangoura;Mohamed Guisse;19;17;Kader Fabio
Michel Guilavogui ;Famoussa Bangoura;Mohamed Guisse;15;5;Kader Fabio
Michel Guilavogui ;Famoussa Bangoura;Mohamed Guisse;19;13;Kader Fabio
Michel Guilavogui ;Famoussa Bangoura;Mohamed Guisse;16;20;Kader Fabio
Michel Guilavogui ;Famoussa Bangoura;Mohamed Guisse;19;18;Kader Fabio
Michel Guilavogui ;Famoussa Bangoura;Mohamed Guisse;11;15;keita Bamba
Michel Guilavogui ;Famoussa Bangoura;Mohamed Guisse;17;2;keita Bamba
Michel Guilavogui ;Famoussa Bangoura;Mohamed Guisse;18;19;keita Bamba
Michel Guilavogui ;Famoussa Bangoura;Mohamed Guisse;17;13;keita Bamba
Michel Guilavogui ;Famoussa Bangoura;Mohamed Guisse;12;2;keita Bamba
Michel Guilavogui ;Famoussa Bangoura;Mohamed Guisse;17;2;keita Bamba
Michel Guilavogui ;Famoussa Bangoura;Mohamed Guisse;20;11;Conté Lamine
Michel Guilavogui ;Famoussa Bangoura;Mohamed Guisse;13;6;Conté Lamine
Michel Guilavogui ;Famoussa Bangoura;Mohamed Guisse;20;4;Conté Lamine
Michel Guilavogui ;Famoussa Bangoura;Mohamed Guisse;11;16;Conté Lamine
Michel Guilavogui ;Famoussa Bangoura;Mohamed Guisse;18;15;Conté Lamine
Michel Guilavogui ;Famoussa Bangoura;Mohamed Guisse;12;15;Conté Lamine
Michel Guilavogui ;Famoussa Bangoura;Mohamed Guisse;14;18;Conté Lamine
Michel Guilavogui ;Famoussa Bangoura;Mohamed Guisse;17;20;Conté Lamine
Michel Guilavogui ;Famoussa Bangoura;Mohamed Guisse;19;16;Conté Lamine
Michel Guilavogui ;Famoussa Bangoura;Mohamed Guisse;14;7;Conté Lamine
Michel Guilavogui ;Famoussa Bangoura;Mohamed Guisse;14;8;Conté Lamine
Michel Guilavogui ;Famoussa Bangoura;Mohamed Guisse;18;15;Conté Lamine
Michel Guilavogui ;Famoussa Bangoura;Mohamed Guisse;11;13;Conté Lamine
